years,months,days,hours,mins,secs,msecs
2021,12,10,5,0,0,0
2021,12,10,5,10,0,0
2021,12,10,5,20,0,0
2021,12,10,5,30,0,0
2021,12,10,5,40,0,0
2021,12,10,5,50,0,0
2021,12,10,6,0,0,0
2021,12,10,12,10,0,0
2021,12,10,12,20,0,0
2021,12,10,12,30,0,0
2021,12,10,12,40,0,0
2021,12,10,12,50,0,0
2021,12,10,13,0,0,0
2021,12,10,13,10,0,0
2021,12,10,13,20,0,0
2021,12,10,13,30,0,0
2021,12,10,13,40,0,0
2021,12,10,13,50,0,0
2021,12,10,14,0,0,0
2021,12,13,11,0,0,0
2021,12,13,11,10,0,0
2021,12,13,11,20,0,0
2021,12,13,11,30,0,0
2022,1,4,7,10,0,0
2022,1,4,7,20,0,0
2022,1,4,7,30,0,0
2022,1,4,7,40,0,0
2022,1,4,7,50,0,0
2022,1,4,8,0,0,0
2022,1,4,8,10,0,0
2022,1,4,8,20,0,0
2022,1,4,8,30,0,0
2022,1,4,8,40,0,0
2022,1,4,8,50,0,0
2022,1,4,9,0,0,0
2022,1,4,9,10,0,0
2022,1,4,9,20,0,0
2022,1,4,9,30,0,0
2022,1,4,9,40,0,0
2022,1,4,9,50,0,0
2022,1,4,10,0,0,0
2022,1,4,10,10,0,0
2022,1,4,10,20,0,0
2022,1,4,10,30,0,0
2022,1,4,10,40,0,0
2022,1,4,10,50,0,0
2022,1,4,11,0,0,0
2022,1,4,11,10,0,0
2022,1,4,11,20,0,0
2022,1,4,11,30,0,0
2022,1,4,11,40,0,0
2022,1,4,11,50,0,0
2022,1,4,12,0,0,0
2022,1,4,12,10,0,0
2022,1,4,12,20,0,0
2022,1,4,12,30,0,0
2022,1,4,12,40,0,0
2022,1,4,12,50,0,0
2022,1,4,13,0,0,0
2022,1,4,13,10,0,0
2022,1,4,13,20,0,0
2022,1,4,13,30,0,0
2022,1,4,13,40,0,0
2022,1,4,13,50,0,0
2022,1,4,14,0,0,0
